id,spoiler
0,"Heard urine need of a kidney, want mine
"
1,"giving at the expense of your own well-being
"
2,"Birmingham, Ala.
"
3,"Braconid
"
4,"Cured egg yolks
"
5,"""Star Wars"" Day
"
6,"sleep@10
"
7,"Flynn the dog does a lot to help out his 17-year-old human, Hailey Ashmore
"
8,"Lord Ivar Mountbatten
"
9,"Saving isn't everything
"
10,"Traditional two-parent homes where one parent (usually the dad) works full-time while the long-suffering mother does everything with her kids
"
11,"Don't be disingenuous or misrepresent your brand's identity on social media
"
12,"Celia Cruz
"
13,"David De Gea
"
14,"Homesick for Another World By Ottessa Moshfegh Penguin Press, $26.00
"
15,"$750 billion
"
16,"Once someone transforms into a pig, it's irreversible, and Miyazaki used the metaphor to describe the real world and how greed changes people.
"
17,"Gulf Futurism
"
18,"investing costs   fees charged by your index funds
"
19,"declawing Your Cat
"
20,"Michael Sam
"
21,"drunk or Danish
"
22,"The starting price being extremely low, you only need a few credits to get amazing discounts
"
23,"longline yellow raincoat
"
24,"Men who paint one fingernail are helping to raise awareness about a very important issue.
"
25,"Mark Hamill‚Äôs Pop Culture Quest
"
26,"9 Cops Sit Down In Her Section At Red Robin, Then Waitress Realizes Something Is VERY Wrong
"
27,"55 percent of Americans think climate change is related to more frequent and severe natural disasters
"
28,"Donald Trump‚Äôs stunning win in Florida was a microcosm of what unfolded nationwide on Tuesday
"
29,"A recent However, a confluence of factors have started to push basic income into the mainstream
"
30,"The United States
"
31,"This Dog Is NOT Happy about His Visit to the Vet
"
32,"Waste is hard-wired into the supermarket system
"
33,"Nintendo Entertainment System: NES Classic Edition
"
34,"textbooks
"
35,"""Hot Jams,""
"
36,"lazy
"
37,"Austin
"
38,"10 percent of these patients can develop degeneration in another part of the brain
"
39,"YInMn blue
"
40,"Blocking this color light may help you sleep better
"
41,"A strange object that looks like a green bottle
"
42,"Kristina Braverman
"
43,"the combination of heat and humidity allow bacteria to grow faster and smells to travel further
"
44,"Isis the albino raccoon
"
45,"Jason Aldean
"
46,"""Harry pocketed it""
"
47,"30 days to complete the trail
"
48,"I listen to tons of music
"
49,"We act like we‚Äôre doing the schools and the teachers a favor when we fill that backpack with tissues and markers
"
50,"Jordan Rodgers earned the role on his talent alone
"
51,"Thea: The Awakening is a turn-based 4x strategic survival game inspired by Slavic mythology that came out late last year
"
52,"1) There just wasn't as much good TV on
"
53,"high phenolic olive oil
"
54,"Netflix tax
"
55,"Many of the stranded whales stomachs were actually filled to the brim with plastic debris
"
56,"34 percent of people ages 25 to 34 and eligible to remarry
"
57,"Amber Galloway Gallego
"
58,"Lye motionless on her back for 10 seconds or more
"
59,"""Royals""
"
60,"Mrs. Thom at Bucklebury Primary School gave the stress-managing worksheet to her year 6 class
"
61,"Once the automatic setting is turned off, roll back the time in the device by around 25 minutes
"
62,"""Men don't have to do much more than unzip their pants to take a pee
"
63,"Jussie Smollett
"
64,"Trump WOULD PROBABLY SEND TROOPS TO MIDEAST
"
65,"access to your boarding pass
"
66,"the unassuming building at 1209 North Orange Street
"
67,"Kevin Hart
"
68,"HBO Go is only available to HBO subscribers saddled with an expensive cable package
"
69,"Katie Holmes
"
70,"New Home Button, New Limitations
"
71,"gender-neutral options
"
72,"Workplace gossip
"
73,"Mus√©e du Louvre
"
74,"Vegan athletes do need to be diligent about consuming sufficient protein
"
75,"The book's protagonist - a former inmate - and author have reunited to return to the prison for a new documentary film.
"
76,"makemake
"
77,"Tokyo
"
78,"Nars
"
79,"PGA Cadillac Championship tournament at Trump Doral Resort
"
80,"M S Dhoni
"
81,"A 4 mm tumor in her brain
"
82,"Ryan Reynolds
"
83,"plastic surgery
"
84,"Neuphoric Anti-Aging Cream Vitamin C
"
85,"going all-out in a metcon workout can help you improve your work capacity, making your body more efficient for all those other activities you love doing
"
86,"Katy Perry
"
87,"Russian officials will now be called to explain their actions before an international court of law
"
88,"she told Revelist ""that's just me.""
"
89,"World War 1 Setting
"
90,"Emily Heller
"
91,"Ketchup
"
92,"Richard Branson
"
93,"Bugatti Type 57S
"
94,"Obama‚Äôs half-brother says he‚Äôll be voting for Donald Trump
"
95,"Peter Pilotto
"
96,"40% of Indians, between the ages of 31 and 40 years, need medical intervention to conceive
"
97,"I was just, I was adamant on finding him and then making a video of me going, 'Hey Trump, f*** you!'""
"
98,"Nebraska allocates its electoral college votes not in the usual winner-take-all method, but by congressional district
"
99,"Bernie Sanders will do anything at all on his way out that could imperil party unity
"
100,"Chile
"
101,"from virtual reality to the latest installments of ""Gears of War"" and ""Battlefield
"
102,"Thais spend majority of time doing nothing
"
103,"online multiplayer
"
104,"fresh apple and raw lettuce
"
105,"Getting stung by a bee or a wasp of some sort
"
106,"hot noodles
"
107,"Dion Parratt
"
108,"My husband could barely put his arm around me
"
109,"No properties were lost during a bushfire around the town of Gwindinup south-east of Bunbury, which has now been contained.
"
110,"1.) After meeting the team on the ground and hearing about their day to day work
"
111,"The reason it's worth doing is because the drug is not just about the drug trade
"
112,"Gulls are what's known as ""opportunistic kleptoparasites,"" meaning they don't derive 100 percent of their diets from heist but rather just steal when the opportunity arises
"
113,"The One Thing Morgan Freeman Still Thinks Is Terrible About The Shawshank Redemption
"
114,"Shamus Beaglehole
"
115,"When you trade your DNA for information you are also giving it away -- and the database you give it to, owns it
"
116,"Cardiff
"
117,"Mitch Fritz
"
118,"Sam Raimi‚Äôs Spider-Man film
"
119,"$5 cheeseburgers on Sunday
"
120,"in Switzerland, people are looking very nervously at Italy's banks in particular, which are parched for profits while sitting on a pile of bad loans.
"
121,"29-cent towel
"
122,"J. Crew
"
123,"A Universal Basic Income (UBI)
"
124,"Don explained that the lack of mothers in his films might have been a result of something that happened to Walt and his family.
"
125,"Donald Trump Appeared In A 2000 Playboy Softcore Porn
"
126,"The extra pocket was for a watch
"
127,"Smelly Pink Blob Floating In The Indian Ocean
"
128,"The Wizard came from the moon
"
129,"the Playstation 4.5
"
130,"Chase Freedom Visa Card
"
131,"Ken Worrall
"
132,"Howard's surname is kept secret for fear of North Korean reprisals
"
133,"A team from University of California, Los Angeles, got it wrong
"
134,"the lack of Internet access inside his jail cell
"
135,"Emma Quirk
"
136,"Jennifer Lawrence is being cast as Mulan in a Disney reboot
"
137,"record-breaking CPR saved this woman
"
138,"Hotel staff reveal guests' most GRUESOME habits
"
139,"Shah Rukh Khan has blocked all the fans of other stars including Salman Khan.
"
140,"JoseÃÅ JoseÃÅ
"
141,"$1.1 trillion
"
142,"The Chicago Cubs
"
143,"lactose-tolerant trait
"
144,"A Mumbai-based 22-year-old woman facing danger to her life due to an abnormality in the foetus
"
145,"The polling data site RealClearPolitics (RCP) takes an average of national polls that ask Americans who they would choose in a contest between the two candidates (a scenario that now looks inevitable).
"
146,"exposure to the most persistent chemicals was greatest in the first year ‚Äî and accounted for one-fifth of his total lifetime contact ‚Äî suggesting a transfer of contaminants from his mother in the womb and during nursing
"
147,"Two dozen small vessels
"
148,"The group asked the Queen, who was wearing a headscarf and tweed coat, if she lived in the area
"
149,"Thom Yorke says something indecipherable
"
150,"If you say, yes, ""Potter"" was the biggest thing that I'm ever going to do and I'm never going to come close to that again, and it's going to hold me back from getting parts
"
151,"The Rock
"
152,"Jackson Vroman
"
153,"A Choice Not an Echo by Phyllis Schlafly
"
154,"Terahertz time-gated spectral imaging for content extraction through layered structures
"
155,"Katherine Heigl's behavior on set has become notoriously difficult
"
156,"fatty fish
"
157,"Presto!
"
158,"Avoid nude lipsticks Don't skip the moisturiser Avoid dark eyes
"
159,"Jay Pharoah and Taran Killam
"
160,"Idaho
"
161,"literary fiction
"
162,"Katrina Henry
"
163,"Dil Yachty‚Äôs Lil Boat mixtape
"
164,"Ernestine Shepherd
"
165,"The ability to learn is about more than building and strengthening neural connections.
"
166,"Russia would likely go to competitors from the US
"
167,"pork joint
"
168,"Pregnant woman can still have fun, go out, exercise and more
"
169,"‚ÄòI never knew we were poor.
"
170,"$765,759
"
171,"the legal drinking age of 21 actually saves lives
"
172,"240 McDonald‚Äôs
"
173,"multi-colored chevron rug
"
174,"Brazillian takes on new role
"
175,"Billy in 4C
"
176,"One in 285 children will get a cancer diagnosis of some sort
"
177,"The drop in price seems reactionary, a reflection of some sellers‚Äô fear that the market would implode.
"
178,"1 egg, beaten 1 tablespoon black and white sesame seeds, toasted
"
179,"""So in the last few years we started to reach what felt like a thematic conclusion to our band
"
180,"a ravenous bear broke into a Lyons, Colorado, bakery and ate 24 pies
"
181,"white solid bleached sulfate paper
"
182,"sprouts are now seen as a more versatile winter ingredient than just a traditional festive accompaniment
"
183,"Sephora Instant Moisturizer
"
184,"Jimmy Smits as Bail Organa
"
185,"the way the iocage software works and how it compares to the older Warden jail management software
"
186,"""The Modern Man"" (a misnomer if ever there were one), it promises a solution to the hot ‚Äòn‚Äô horny down-on-their-luck young bucks of the world who face the tedious obstacle of a woman wearing headphones
"
187,"The pop brat actually stopped the show to berate a thrilled Belieber who threw the hat on stage
"
188,"Half-Life 3
"
189,"You might end up looking at the wrong end of a gun
"
190,"Two men who they say tried to abduct a 10-year-old girl when she was doing this
"
191,"Laura Bush
"
192,"He was jailed for four years and given an indefinite Criminal Behaviour Order banning him from dating and gambling websites
"
193,"a smacker on the lips
"
194,"A fan tried to grab @jtimberlake's butt during his performance.
"
195,"Pesticides used in strawberry
"
196,"Rocky Mountain High
"
197,"initial jobless claims unexpectedly fell
"
198,"The surprising reason Lego wanted people to stop buying its toys
"
199,"Harrison Ford
"
200,"a total of 2,54,708 passports were issued by India in 2015.
"
201,"1. These are the people coming right back at you
"
202,"John Slattery
"
203,"black bag
"
204,"As the Honda Accord kept moving, he climbed almost imperceptibly out of the driver‚Äôs window
"
205,"35-year-old man from Bhiwandi who used his four-wheeler to ferry school children
"
206,"Ailish Sheehan
"
207,"celebrating small wins
"
208,"Chicago
"
209,"""I am here today to talk about a lie.""
"
210,"Why We Sent a Reporter to Work as a Private Prison Guard
"
211,"1,000 Days
"
212,"Most of the 400 pieces had been arranged into two rings‚Äîa large one between 4 and 7 metres across, and a smaller one just 2 metres wide.
"
213,"she got distracted by her own ‚Äòerotic thoughts.‚Äô
"
214,"you can use the Ped Egg to grate off
"
215,"Cleveland is 12-of-44 from beyond the arc
"
216,"Eatsa
"
217,"The Marvel Effect The MCU has grossed $10,527,843,932 at the box office
"
218,"1-999-367-3767
"
219,"$1.2 trillion
"
220,"Fadi al Qanbar
"
221,"They still have not officially filed paperwork for a divorce
"
222,"The number of pets being abandoned and the number of strays allowed to reproduce
"
223,"four women in North Carolina for allegedly spraying anti-Trump, anti-police, and ""Black Lives Matter"" graffiti on several businesses and a police car
"
224,"One of the straps got caught on the speedboat as it capsized, trapping her underwater for around half an hour
"
225,"Menelik Watson
"
226,"'Feeling This'
"
227,"Kim Kardashian
"
228,"Sombra
"
229,"Charles Barkley
"
230,"The Pulse shooter was transported separately from the scene
"
231,"pears
"
232,"Blake McIver
"
233,"spearfishing
"
234,"Paul Li
"
235,"Selena Gomez
"
236,"S**t wrong words! ""I started singing the chorus,"" she explained
"
237,"I need feminism because I intend on marrying rich and I can‚Äôt do that if my wife and I are making.75 cent for every dollar a man makes.""
"
238,"Lola's turn to sit on Santa's lap
"
239,"Aaron Sorkin‚Äôs popular HBO series
"
240,"The answer to this question would be 0.5 *10*6 which evaluates to 30!""
"
241,"Northern Ireland, Scotland and Wales
"
242,"What am I doing right now that is making me fulfilled?""
"
243,"Quintin Conway
"
244,"Rey's parentage does stem from Palpatine
"
245,"Lisa Brown
"
246,"the Ice Bucket Challenge actually... worked? You remember, you were there. Everyone was there
"
247,"""Venus Holes"" are located in a place where there is no muscle
"
248,"cupping
"
249,"A video posted on Facebook shows demonstrators marching from the centre of the refugee camp to the headquarters of the electricity company.
"
250,"the whole tree droops during night, which can be seen as position change in leaves and branches
"
251,"a ban on all Muslims entering the United States
"
252,"Vievu
"
253,"Chocolate crinkles baked in-house daily
"
254,"4-7-8 helped her fall asleep amid her nerves and severe anxiety the week before she was scheduled to give the bridesmaid speech at her best friend‚Äôs wedding
"
255,"Cop met little girl in 1998; now she's done this
"
256,"That little tab was not placed there to keep those sticks together
"
257,"egg cartons and plastic ice cube trays
"
258,"A 2014 survey found that, in more than one-fifth of universities, the athletic department oversaw cases involving sexual assault allegations against athletes
"
259,"If you lose weight, you can actually gain an inch or two because the [pubic] fat would be less
"
260,"The unprotected Trump will finally begin to recognize and protect what Wall Street Journal writer Peggy Noonan calls ""the unprotected"" in America
"
261,"It also lowers the risk for heart disease and stroke
"
262,"Ben Bernanke
"
263,"Jordan Klepper
"
264,"SaferWeb
"
265,"sleep deprivation
"
266,"""Ozymandias,"" the third-to-last episode of ""Breaking Bad,""
"
267,"sucking blood isn't just fiction fun
"
268,"74% of millennial couples talk about their money weekly
"
269,"PMR
"
270,"Dexter Fowler Crushes One
"
271,"3: Leave Your Phone On, But On Silent And Hidden
"
272,"A Chinese takeout dish folds out to a nice little plate
"
273,"fostering a pet
"
274,"I live inside my own heart, Matt Damon
"
275,"Scarlett Johansson
"
276,"blue eyes
"
277,"A mother hears her dead son's heart beat
"
278,"The panic set in. 6, 2016
"
279,"the seventh inning stretch
"
280,"Coconut oil
"
281,"The truth is that cats feel just as much affection for their humans as their canine counterparts
"
282,"hidden inside a wall hook
"
283,"Katy Perry: net worth $125 million
"
284,"Fort Knox
"
285,"""Racial""
"
286,"Men, however, just reach behind their neck and yank their shirt off, much less gracefully
"
287,"""Battle of the Bastards""
"
288,"Lime green
"
289,"Aaron Judge
"
290,"Hamilton, Bermuda
"
291,"addictive foods
"
292,"Malaysia
"
293,"not getting enough sleep
"
294,"The new ""Beauty and the Beast"" is different from the original
"
295,"""Adore You (Acoustic)""
"
296,"Donald Trump and Hillary Clinton
"
297,"Buffy the Vampire Slayer
"
298,"change your last name
"
299,"hot dogs are made of pork, beef and chicken
"
300,"Peter Facinelli
"
301,"Chris Pratt
"
302,"Medical sonographers
"
303,"CEO Lawyer Media (TV and radio) Salesperson Surgeon Journalist Police officer Clergyperson Chef Civil servant
"
304,"Rosemary tincture
"
305,"1,080
"
306,"Apple's upcoming paid streaming-music service
"
307,"mustard
"
308,"intrepid
"
309,"morning after you wake up
"
310,"Sy Stokes
"
311,"no child left alone
"
312,"capture the pigeon
"
313,"she has quite a meaty portion this time.
"
314,"New hash tag for ya
"
315,"6.8 hours
"
316,"""her friends"" Tegan and Sara
"
317,"Come on down to the animal shelter and Pika Pika Pikachoose a dog to walk
"
318,"she just said a terrible thing
"
319,"""We have already authorized this, meaning the law was passed almost 10 years ago.""
"
320,"Hillary Clinton has a lot to do with Iran, its strategic alliance with Syria, its use of Syrian territory to help the Lebanese Hezbollah
"
321,"Lawrence Phillips
"
322,"Carrer AvinyoÃÅ
"
323,"Nick Johnson
"
324,"The gentleman returned to her house with a mechanic and they made multiple repairs to her car
"
325,"""It‚Äôs going to be terrorist-proof
"
326,"Aristotle noticed that when a hare gave birth, quite often the offspring in a single litter would fall into two distinct classes: there would be a bunch of full-sized robust baby hares
"
327,"Tina Fey
"
328,"chatbots ""all of your features need to be reachable solely through words
"
329,"furniture
"
330,"$1,427
"
331,"Britannia Beanie Baby
"
332,"The evacuation of civilians and opposition fighters from eastern Aleppo have been suspended after rebels opened fire on a convoy at one of the crossing points of the rebel-held enclave
"
333,"Skara Brae
"
334,"Sir Bradley Wiggins
"
335,"It's possible to beat Watch Dogs 2 without ever firing a gun
"
336,"The O-Line and Elliott looks like it'll give Tony a chance to play in all of them this year
"
337,"Pokemon Sun and Moon
"
338,"Whitney Thompson
"
339,"Homo sapiens have now reached an era where if we fail to reduce the impact of our activities, then climate change could ""trigger societal collapse"", their research concluded
"
340,"The Strange Reason Nearly Every Film Ends by Saying It‚Äôs Fiction
"
341,"Cucumber
"
342,"diet beverages do not beat water
"
343,"The problem is that Abdi doesn't have an easy road to Supporting Actor
"
344,"A Panther Leaps At A Man With No Glass To Protect Him
"
345,"good old rag
"
346,"Chick-fil-A
"
347,"Houston
"
348,"Do not open until your first disagreement
"
349,"Chip-Enabled Card, There's One Thing You Should Never Do
"
350,"Melissa McCarthy's Elle cover
"
351,"not washing your jeans
"
352,"The man couldn‚Äôt stop sniffling
"
353,"coconut oil
"
354,"One percent or skim if you‚Äôre worried about the cals
"
355,"Imagine going for a job interview and the woman says she will email u in a few days but then waits 1 minute after u leave to text u this üòÇ
"
356,"Chris Crocker
"
357,"Do not shovel after eating or while smoking Take it slow and stretch out before you begin Push the snow rather than lifting it
"
358,"little Aubrey wrapped in motorcycle gloves, next to a colorful, shiny motorcycle helmet
"
359,"A number 7 with medium fries and a Coke
"
360,"Minnesota
"
361,"Don‚Äôt forget lunch or homework at home
"
362,"Super Smash Bros 4 Lag: Online Multiplayer
"
363,"Two women asked another woman for directions, hugged her, and ended up stealing her jewelry in a move straight out of a Jonathan Swift tale.
"
364,"Cecily Strong
"
365,"10. When it comes to food, you won‚Äôt just eat any old thing
"
366,"open meetings
"
367,"a reason your airplane seat is woefully misaligned with the windows
"
368,"Springfield, Oregon
"
369,"Norah‚Äôs gained weight and seems to be feeling good and she likes to run around and chase and play tug-of-war with her puppies
"
370,"Cross-network play for Xbox One
"
371,"Batman v Superman' Easter Egg
"
372,"post-micturition convulsion syndrome
"
373,"NASA Warns Massive Asteroid Is Heading Towards Earth
"
374,"""Do you have any questions for me?""
"
375,"Brexit
"
376,"Patterson
"
377,"""I think the president is somewhat indifferent to things that are true or false
"
378,"Yvette Nicole Brown
"
379,"Florida
"
380,"The Charm conjures a magical guardian in the shape of the animal with whom the witch or wizard shares the greatest affinity.
"
381,"Jason Kander looks to be running very strongly in the exit polls
"
382,"Fleshlight
"
383,"Rudy Giuliani
"
384,"GOD
"
385,"BOOM ‚Äì Portugal
"
386,"white pepper
"
387,"more straight men are exploring a formerly taboo hot spot
"
388,"Full House
"
389,"Exeggutor
"
390,"she is insatiable, she is beautiful beyond the dreams of pornography
"
391,"Hillary Clinton
"
392,"Dan Bell
"
393,"""Evaluating the Financial Risks of China,""
"
394,"a few bites of the plant can kill a large dog in less than two hours
"
395,"$500 tip
"
396,"Christopher Suprun
"
397,"a vegan diet
"
398,"John Kerry has threatened the Ecuadorian President with ""grave consequences for Equador"" if Assange is not silenced
"
399,"Richard Belzer
"
